vehicle_id,brand,model,registration_year,color,feature_carplay
810,Honda,Civic,2021,White,FALSE
814,Audi,Q5,2022,Grey,TRUE
815,Audi,Q5,2022,White,TRUE
816,Audi,Q5,2022,White,TRUE
817,Audi,Q5,2022,White,TRUE
818,Audi,Q5,2022,Grey,TRUE
819,Audi,Q5,2022,White,TRUE
820,Audi,Q5,2022,White,TRUE
842,Tesla,Model3,2022,White,TRUE
843,Tesla,Model3,2022,White,TRUE
859,BMW,x5,2022,White,FALSE
882,BMW,x5,2022,White,FALSE
884,BMW,x5,2022,White,FALSE
885,BMW,x5,2022,White,FALSE
886,BMW,x5,2022,White,FALSE
887,BMW,x5,2022,White,FALSE
888,BMW,x5,2022,White,FALSE
890,Tesla,Model3,2022,White,TRUE
893,Tesla,Model3,2022,White,TRUE
894,Tesla,Model3,2022,White,TRUE
899,Tesla,Model3,2022,White,TRUE
900,Tesla,Model3,2022,White,TRUE
906,Tesla,Model3,2022,White,TRUE
926,BMW,x5,2022,White,FALSE
927,BMW,x5,2022,White,FALSE
928,BMW,x5,2022,White,FALSE
930,BMW,x5,2022,White,FALSE
931,BMW,x5,2022,White,FALSE
932,BMW,x5,2022,White,FALSE
934,Honda,Civic,2022,Grey,FALSE
935,Honda,Civic,2022,Grey,FALSE
936,Honda,Civic,2022,,FALSE
937,Honda,Civic,2022,White,FALSE
938,Honda,Civic,2022,Grey,FALSE
947,Jeep,Wrangler,2022,,TRUE
948,Jeep,Wrangler,2022,,TRUE
949,Jeep,Wrangler,2022,,TRUE
950,Jeep,Wrangler,2022,White,TRUE
951,Jeep,Wrangler,2022,White,TRUE
952,Jeep,Wrangler,2022,,TRUE
953,Jeep,Wrangler,2022,White,TRUE
954,Jeep,Wrangler,2022,,TRUE
955,Jeep,Wrangler,2022,,TRUE
956,Jeep,Wrangler,2022,,TRUE
958,Jeep,Wrangler,2022,,TRUE
959,Jeep,Wrangler,2022,White,TRUE
960,Jeep,Wrangler,2022,White,TRUE
961,Jeep,Wrangler,2022,,TRUE
962,Jeep,Wrangler,2022,,TRUE
964,Jeep,Wrangler,2022,,TRUE
965,Jeep,Wrangler,2022,White,TRUE
966,Jeep,Wrangler,2022,White,TRUE
967,Nissan,Altima,2022,,FALSE
968,Nissan,Altima,2022,,FALSE
969,Nissan,Altima,2022,,FALSE
970,Nissan,Altima,2022,,FALSE
971,Nissan,Altima,2022,,FALSE
972,Nissan,Altima,2022,,FALSE
973,Nissan,Altima,2022,,FALSE
974,Nissan,Altima,2022,,FALSE
975,Nissan,Altima,2022,,FALSE
976,Nissan,Altima,2022,,FALSE
977,Nissan,Altima,2022,White,FALSE
978,Nissan,Altima,2022,,FALSE
979,Nissan,Altima,2022,White,FALSE
980,Nissan,Altima,2022,White,FALSE
981,Nissan,Altima,2022,,FALSE
982,Nissan,Altima,2022,,FALSE
983,Nissan,Altima,2022,,FALSE
985,Nissan,Altima,2022,White,FALSE
986,Nissan,Altima,2022,White,FALSE
1014,Honda,Civic,2022,,FALSE
1015,Honda,Civic,2022,,FALSE
1016,Honda,Civic,2022,,FALSE
1018,Honda,Civic,2022,,FALSE
1021,Honda,Civic,2022,,FALSE
1023,Honda,Civic,2022,,FALSE
1028,Honda,Civic,2022,,FALSE
1029,Honda,Civic,2022,,FALSE
1030,Honda,Civic,2022,,FALSE
1031,Honda,Civic,2022,,FALSE
1032,Honda,Civic,2022,,FALSE
1033,Honda,Civic,2022,,FALSE
1034,Honda,Civic,2022,,FALSE
1035,Honda,Civic,2022,,FALSE
1036,Honda,Civic,2022,,FALSE
1037,Honda,Civic,2022,,FALSE
1038,Honda,Civic,2022,,FALSE
1040,Honda,Civic,2022,,FALSE
1041,Honda,Civic,2022,,FALSE
1042,Honda,Civic,2022,,FALSE
1043,Honda,Civic,2022,,FALSE
1044,Honda,Civic,2022,,FALSE
1046,Honda,Civic,2022,,FALSE
1061,Nissan,Sunny,2022,,FALSE
1062,Nissan,Sunny,2022,,FALSE
1063,Nissan,Sunny,2022,,FALSE
1064,Nissan,Sunny,2022,,FALSE
1065,Nissan,Sunny,2022,,FALSE
1066,Nissan,Sunny,2022,,FALSE
1068,Nissan,Sunny,2022,,FALSE
1069,Nissan,Sunny,2022,,FALSE
1070,Nissan,Sunny,2022,,FALSE
1071,Nissan,Sunny,2022,,FALSE
1072,Nissan,Sunny,2022,,FALSE
1073,Nissan,Sunny,2022,,FALSE
1074,Nissan,Sunny,2022,,FALSE
1075,Nissan,Sunny,2022,,FALSE
1076,Nissan,Sunny,2022,,FALSE
1077,Nissan,Sunny,2022,,FALSE
1078,Nissan,Sunny,2022,,FALSE
1079,Nissan,Sunny,2022,,FALSE
1080,Nissan,Sunny,2022,,FALSE
1201,Honda,Civic,2022,White,FALSE
1202,Honda,Civic,2022,White,FALSE
1204,Honda,Civic,2022,White,FALSE
1205,Honda,Civic,2022,White,FALSE
1206,Honda,Civic,2022,White,FALSE
1207,Honda,Civic,2022,White,FALSE
1210,Honda,Civic,2022,White,FALSE
1214,Honda,Civic,2022,White,FALSE
1215,Honda,Civic,2022,White,FALSE
1247,Porsche,Cayman,2022,Grey,FALSE
1248,Porsche,Cayman,2022,Grey,FALSE
1249,Porsche,Cayman,2022,Grey,FALSE
1251,Porsche,Cayman,2022,,FALSE
1252,Porsche,Cayman,2022,,FALSE
1254,Porsche,Cayman,2022,,FALSE
1255,Porsche,Cayman,2022,,FALSE
1257,Nissan,Sunny,2023,White,FALSE
1258,Nissan,Sunny,2023,White,FALSE
1259,Nissan,Sunny,2023,White,FALSE
1260,Nissan,Sunny,2023,White,FALSE
1261,Nissan,Sunny,2023,White,FALSE
1263,Nissan,Sunny,2023,White,FALSE
1265,Nissan,Sunny,2023,White,FALSE
1266,Nissan,Sunny,2023,White,FALSE
1267,Nissan,Sunny,2023,White,FALSE
1269,Nissan,Sunny,2023,White,FALSE
1270,Nissan,Sunny,2023,White,FALSE
1271,Nissan,Sunny,2023,White,FALSE
1272,Nissan,Sunny,2023,White,FALSE
1273,Nissan,Sunny,2023,White,FALSE
1274,Nissan,Sunny,2023,White,FALSE
1276,BMW,x5,2022,White,FALSE
1277,BMW,x5,2022,White,FALSE
1278,BMW,x5,2022,White,FALSE
1280,BMW,x5,2022,White,FALSE
1281,Nissan,Sunny,2023,White,FALSE
1282,Nissan,Sunny,2023,White,FALSE
1283,Nissan,Sunny,2023,White,FALSE
1284,Nissan,Sunny,2023,White,FALSE
1285,Nissan,Sunny,2023,White,FALSE
1286,Nissan,Sunny,2023,White,FALSE
1287,Nissan,Sunny,2023,White,FALSE
1288,Nissan,Sunny,2023,White,FALSE
1289,Nissan,Sunny,2023,White,FALSE
1290,Nissan,Sunny,2023,White,FALSE
1291,Nissan,Sunny,2023,White,FALSE
1292,Nissan,Sunny,2023,White,FALSE
1293,Nissan,Sunny,2023,White,FALSE
1294,Nissan,Sunny,2023,White,FALSE
1295,Nissan,Sunny,2023,White,FALSE
1296,Porsche,911,2022,White,TRUE
1311,Porsche,911,2022,White,TRUE
1316,Porsche,Cayman,2023,White,FALSE
1317,Porsche,Cayman,2023,White,FALSE
1319,Porsche,Cayman,2023,White,FALSE
1320,Porsche,Cayman,2023,White,FALSE
1321,Porsche,Cayman,2023,White,FALSE
1322,Nissan,Sunny,2023,Grey,FALSE
1323,Nissan,Sunny,2023,Grey,FALSE
1324,Nissan,Sunny,2023,White,FALSE
1325,Nissan,Sunny,2023,Grey,FALSE
1326,Nissan,Sunny,2023,Grey,FALSE
1327,Nissan,Sunny,2023,White,FALSE
1328,Nissan,Sunny,2023,White,FALSE
1329,Nissan,Sunny,2023,White,FALSE
1330,Nissan,Sunny,2023,White,FALSE
1332,Nissan,Sunny,2023,White,FALSE
1333,Nissan,Sunny,2023,White,FALSE
1334,Nissan,Sunny,2023,White,FALSE
1335,Nissan,Sunny,2023,Grey,FALSE
1336,Nissan,Sunny,2023,White,FALSE
1338,Porsche,911,2022,White,TRUE
1339,Porsche,911,2022,White,TRUE
1340,Porsche,911,2022,White,TRUE
1341,Porsche,911,2022,White,TRUE
1343,Jeep,Wrangler,2023,White,TRUE
1344,Jeep,Wrangler,2023,White,TRUE
1345,Jeep,Wrangler,2023,White,TRUE
1346,Jeep,Wrangler,2023,White,TRUE
1347,Jeep,Wrangler,2023,White,TRUE
1348,Nissan,Sunny,2023,White,FALSE
1349,Nissan,Sunny,2023,White,FALSE
1350,Nissan,Sunny,2023,White,FALSE
1351,Nissan,Sunny,2023,White,FALSE
1352,Nissan,Sunny,2023,White,FALSE
1353,Nissan,Sunny,2023,White,FALSE
1354,Nissan,Sunny,2023,White,FALSE
1355,Nissan,Sunny,2023,White,FALSE
1356,Nissan,Sunny,2023,White,FALSE
1357,Nissan,Sunny,2023,White,FALSE
1358,Nissan,Sunny,2023,White,FALSE
1359,Nissan,Sunny,2023,White,FALSE
1360,Nissan,Sunny,2023,White,FALSE
1361,Nissan,Sunny,2023,White,FALSE
1362,Nissan,Sunny,2023,White,FALSE
1363,Nissan,Sunny,2023,White,FALSE
1364,Nissan,Sunny,2023,White,FALSE
1365,Nissan,Sunny,2023,White,FALSE
1366,Nissan,Sunny,2023,White,FALSE
1367,Nissan,Sunny,2023,White,FALSE
1368,Nissan,Sunny,2023,White,FALSE
1369,Nissan,Sunny,2023,White,FALSE
1370,Nissan,Sunny,2023,White,FALSE
1371,Nissan,Sunny,2023,White,FALSE
1372,Nissan,Sunny,2023,White,FALSE
1373,Nissan,Sunny,2023,White,FALSE
1374,Nissan,Sunny,2023,White,FALSE
1375,Nissan,Sunny,2023,White,FALSE
1376,Nissan,Sunny,2023,White,FALSE
1377,Nissan,Sunny,2023,White,FALSE
1378,Nissan,Sunny,2023,White,FALSE
1380,Nissan,Sunny,2023,White,FALSE
1381,Nissan,Sunny,2023,White,FALSE
1382,Nissan,Sunny,2023,White,FALSE
1383,Nissan,Sunny,2023,White,FALSE
1384,Nissan,Sunny,2023,White,FALSE
1385,Nissan,Sunny,2023,White,FALSE
1386,Nissan,Sunny,2023,White,FALSE
1387,Nissan,Sunny,2023,White,FALSE
1388,Nissan,Sunny,2023,White,FALSE
1389,Nissan,Sunny,2023,White,FALSE
1390,Toyota,Hilux,2023,White,TRUE
1391,Toyota,Hilux,2023,White,TRUE
1392,Toyota,Hilux,2023,White,TRUE
1393,Toyota,Hilux,2023,White,TRUE
1394,Toyota,Hilux,2023,White,TRUE
1396,Toyota,Hilux,2023,White,TRUE
1397,Toyota,Hilux,2023,White,TRUE
1398,Toyota,Hilux,2023,White,TRUE
1399,Toyota,Hilux,2023,White,TRUE
1400,Toyota,Hilux,2023,White,TRUE
1401,Toyota,Hilux,2023,White,TRUE
1405,Toyota,Hilux,2023,White,TRUE
1406,Toyota,Hilux,2023,White,TRUE
1407,Toyota,Hilux,2023,White,TRUE
1408,Toyota,Hilux,2023,White,TRUE
1409,Toyota,Hilux,2023,White,TRUE
1411,Honda,Civic,2023,White,FALSE
1413,Jeep,Wrangler,2023,,TRUE
1414,Jeep,Wrangler,2023,,TRUE
1420,Nissan,Sunny,2023,,FALSE
1421,Nissan,Sunny,2023,,FALSE
1422,Nissan,Sunny,2023,,FALSE
1423,Nissan,Sunny,2023,,FALSE
1426,Nissan,Sunny,2023,,FALSE
1427,Nissan,Sunny,2023,,FALSE
1428,Nissan,Sunny,2023,,FALSE
1430,Nissan,Sunny,2023,,FALSE
1431,Nissan,Sunny,2023,,FALSE
1432,Nissan,Sunny,2023,,FALSE
1433,Nissan,Sunny,2023,,FALSE
1434,Porsche,Cayman,2023,Grey,FALSE
1435,Porsche,Cayman,2023,Grey,FALSE
1436,Porsche,Cayman,2023,Grey,FALSE
1437,Porsche,Cayman,2023,Grey,FALSE
1439,Nissan,Sunny,2023,,FALSE
1440,Nissan,Sunny,2023,White,FALSE
1441,Nissan,Sunny,2023,White,FALSE
1442,Nissan,Sunny,2023,White,FALSE
1443,Nissan,Sunny,2023,White,FALSE
1444,Nissan,Sunny,2023,White,FALSE
1445,Nissan,Sunny,2023,White,FALSE
1446,Nissan,Sunny,2023,White,FALSE
1447,Nissan,Sunny,2023,White,FALSE
1448,Nissan,Sunny,2023,White,FALSE
1449,Nissan,Sunny,2023,White,FALSE
1450,Nissan,Sunny,2023,White,FALSE
1451,Nissan,Sunny,2023,White,FALSE
1452,Nissan,Sunny,2023,White,FALSE
1453,Nissan,Sunny,2023,White,FALSE
1454,Nissan,Sunny,2023,White,FALSE
1455,Nissan,Sunny,2023,White,FALSE
1456,Nissan,Sunny,2023,White,FALSE
1457,Nissan,Sunny,2023,White,FALSE
1459,Nissan,Sunny,2023,White,FALSE
1460,Nissan,Sunny,2023,White,FALSE
1461,Nissan,Sunny,2023,White,FALSE
1462,Nissan,Sunny,2023,White,FALSE
1463,Nissan,Sunny,2023,White,FALSE
1464,Nissan,Sunny,2023,White,FALSE
1465,Nissan,Sunny,2023,White,FALSE
1466,Nissan,Sunny,2023,White,FALSE
1467,Nissan,Sunny,2023,White,FALSE
1468,Kia,Picanto,2023,,TRUE
1469,Kia,Picanto,2023,Black,TRUE
1471,Kia,Picanto,2023,,TRUE
1472,Kia,Picanto,2023,,TRUE
1473,Kia,Picanto,2023,Grey,TRUE
1475,Kia,Picanto,2023,,TRUE
1476,Kia,Picanto,2023,,TRUE
1477,Kia,Picanto,2023,,TRUE
1478,Jeep,Wrangler,2023,,TRUE
1479,Jeep,Wrangler,2023,,TRUE
1480,Suzuki,Ciaz,2023,Brown,TRUE
1481,Suzuki,Ciaz,2023,,TRUE
1482,Suzuki,Ciaz,2023,Grey,TRUE
1484,Suzuki,Ciaz,2023,,TRUE
1485,Suzuki,Ciaz,2023,,TRUE
1486,Suzuki,Ciaz,2023,Grey,TRUE
1487,Suzuki,Ciaz,2023,,TRUE
1488,Suzuki,Ciaz,2023,,TRUE
1490,Suzuki,Ciaz,2023,,TRUE
1491,Suzuki,Ciaz,2023,Grey,TRUE
1492,Suzuki,Ciaz,2023,,TRUE
1493,Suzuki,Ciaz,2023,Grey,TRUE
1494,Suzuki,Ciaz,2023,,TRUE
1496,Suzuki,Ciaz,2023,Grey,TRUE
1497,Suzuki,Ciaz,2023,,TRUE
1499,Suzuki,Ciaz,2023,Grey,TRUE
1501,Suzuki,Ciaz,2023,White,TRUE
1502,Suzuki,Ciaz,2023,,TRUE
1503,Suzuki,Ciaz,2023,Grey,TRUE
1504,Suzuki,Ciaz,2023,,TRUE
1505,Suzuki,Ciaz,2023,White,TRUE
1506,Suzuki,Ciaz,2023,,TRUE
1507,Suzuki,Ciaz,2023,,TRUE
1508,Suzuki,Ciaz,2023,,TRUE
1509,Suzuki,Ciaz,2023,Black,TRUE
1536,Nissan,Sunny,2023,White,FALSE
1537,Nissan,Sunny,2023,White,FALSE
1538,Nissan,Sunny,2023,White,FALSE
1539,Nissan,Sunny,2023,White,FALSE
1542,Nissan,Sunny,2023,White,FALSE
1543,Nissan,Sunny,2023,White,FALSE
1545,Nissan,Sunny,2023,White,FALSE
1546,Nissan,Sunny,2023,White,FALSE
1547,Nissan,Sunny,2023,White,FALSE
1548,Nissan,Sunny,2023,White,FALSE
1549,Nissan,Sunny,2023,White,FALSE
1550,Nissan,Sunny,2023,White,FALSE
1551,Nissan,Sunny,2023,White,FALSE
1552,Nissan,Sunny,2023,White,FALSE
1553,Nissan,Sunny,2023,White,FALSE
1554,Nissan,Sunny,2023,White,FALSE
1555,Nissan,Sunny,2023,White,FALSE
1556,Nissan,Sunny,2023,White,FALSE
1557,Nissan,Sunny,2023,White,FALSE
1558,Nissan,Sunny,2023,White,FALSE
1559,Nissan,Sunny,2023,White,FALSE
1560,Nissan,Sunny,2023,White,FALSE
1561,Toyota,Corolla-Cross,2023,White,TRUE
1562,Toyota,Corolla-Cross,2023,White,TRUE
1563,Toyota,Corolla-Cross,2023,White,TRUE
1564,Toyota,Corolla-Cross,2023,White,TRUE
1565,Toyota,Corolla-Cross,2023,White,TRUE
1566,Toyota,Corolla-Cross,2023,White,TRUE
1576,Toyota,Corolla-Cross,2023,White,TRUE
1579,Kia,Picanto,2023,White,FALSE
1580,Kia,Picanto,2023,White,FALSE
1581,Kia,Picanto,2023,White,FALSE
1582,Kia,Picanto,2023,White,FALSE
1583,Kia,Picanto,2023,White,FALSE
1584,Kia,Picanto,2023,Black,FALSE
1585,Kia,Picanto,2023,White,FALSE
1586,Kia,Picanto,2023,White,FALSE
1587,Kia,Picanto,2023,White,FALSE
1588,Porsche,911,2022,White,TRUE
1589,Porsche,911,2022,White,TRUE
1591,Porsche,911,2022,White,TRUE
1592,Porsche,911,2022,White,TRUE
1593,Porsche,911,2022,White,TRUE
1594,Porsche,911,2022,White,TRUE
1595,Porsche,911,2022,White,TRUE
1596,Porsche,911,2022,White,TRUE
1597,Porsche,911,2022,White,TRUE
1598,Porsche,911,2022,White,TRUE
1599,Porsche,911,2022,White,TRUE
1600,Porsche,911,2022,White,TRUE
1601,Porsche,911,2022,White,TRUE
1602,Porsche,911,2022,White,TRUE
1603,Porsche,911,2022,White,TRUE
1604,Porsche,911,2022,White,TRUE
1605,Porsche,911,2022,White,TRUE
1606,Honda,Civic,2023,White,FALSE
1607,Honda,Civic,2023,White,FALSE
1608,Honda,Civic,2023,White,FALSE
1609,Honda,Civic,2023,White,FALSE
1610,Honda,Civic,2023,White,FALSE
1611,Honda,Civic,2023,White,FALSE
1612,Honda,Civic,2023,White,FALSE
1613,Honda,Civic,2023,White,FALSE
1614,Honda,Civic,2023,White,FALSE
1615,Honda,Civic,2023,White,FALSE
1616,Honda,Civic,2023,White,FALSE
1619,Honda,Civic,2023,White,FALSE
1622,Honda,Civic,2023,White,FALSE
1623,Honda,Civic,2023,White,FALSE
1624,Honda,Civic,2023,White,FALSE
1625,Honda,Civic,2023,White,FALSE
1626,Honda,Civic,2023,White,FALSE
1627,Honda,Civic,2023,White,FALSE
1629,Honda,Civic,2023,White,FALSE
1631,Honda,Civic,2023,White,FALSE
1632,Honda,Civic,2023,White,FALSE
1633,Honda,Civic,2023,White,FALSE
1635,Honda,Civic,2023,White,FALSE
1636,Honda,Civic,2023,White,FALSE
1637,Honda,Civic,2023,White,FALSE
1638,Honda,Civic,2023,White,FALSE
1640,Honda,Civic,2023,White,FALSE
1642,Honda,Civic,2023,White,FALSE
1643,Honda,Civic,2023,White,FALSE
1644,Honda,Civic,2023,White,FALSE
1645,Honda,Civic,2023,White,FALSE
1646,Honda,Civic,2023,White,FALSE
1648,Honda,Civic,2023,White,FALSE
1649,Honda,Civic,2023,White,FALSE
1650,Honda,Civic,2023,White,FALSE
1651,Honda,Civic,2023,White,FALSE
1652,Honda,Civic,2023,White,FALSE
1653,Honda,Civic,2023,White,FALSE
1655,Honda,Civic,2023,White,FALSE
1660,Kia,Picanto,2023,White,FALSE
1661,Kia,Picanto,2023,White,FALSE
1663,Kia,Picanto,2023,White,FALSE
1664,Kia,Picanto,2023,White,FALSE
1665,Kia,Picanto,2023,White,FALSE
1666,Kia,Picanto,2023,White,FALSE
1667,Kia,Picanto,2023,White,FALSE
1668,Kia,Picanto,2023,White,FALSE
1669,Kia,Picanto,2023,White,FALSE
1670,Honda,Civic,2023,White,FALSE
1671,Honda,Civic,2023,White,FALSE
1675,Suzuki,Ciaz,2023,White,TRUE
1701,Nissan,Sunny,2023,White,FALSE
1702,Jeep,Wrangler,2022,White,TRUE
1703,Honda,Civic,2023,Grey,FALSE
1704,Honda,Civic,2023,Grey,FALSE
1705,Honda,Civic,2023,Grey,FALSE
1706,Honda,Civic,2023,Grey,FALSE
1708,Honda,Civic,2023,Grey,FALSE
1709,Honda,Civic,2023,Grey,FALSE
1710,Honda,Civic,2023,Grey,FALSE
1711,Honda,Civic,2023,Grey,FALSE
1712,Honda,Civic,2023,Grey,FALSE
1713,Honda,Civic,2023,Grey,FALSE
1715,Honda,Civic,2023,Grey,FALSE
1716,Honda,Civic,2023,Grey,FALSE
1717,Honda,Civic,2023,Grey,FALSE
1719,Honda,Civic,2023,Grey,FALSE
1720,Honda,Civic,2023,Grey,FALSE
1721,Honda,Civic,2023,Grey,FALSE
1722,Honda,Civic,2023,Grey,FALSE
1723,Honda,Civic,2023,Grey,FALSE
1724,Honda,Civic,2023,Grey,FALSE
1725,Honda,Civic,2023,Grey,FALSE
1726,Honda,Civic,2023,Grey,FALSE
1727,Honda,Civic,2023,Grey,FALSE
1728,Honda,Civic,2023,Grey,FALSE
1729,Honda,Civic,2023,Grey,FALSE
1730,Honda,Civic,2023,Grey,FALSE
1731,Honda,Civic,2023,Grey,FALSE
1732,Honda,Civic,2023,Grey,FALSE
1734,Honda,Civic,2023,Grey,FALSE
1736,Honda,Civic,2023,Grey,FALSE
1737,Honda,Civic,2023,Grey,FALSE
1738,Honda,Civic,2023,Grey,FALSE
1739,Honda,Civic,2023,Grey,FALSE
1740,Honda,Civic,2023,Grey,FALSE
1741,Honda,Civic,2023,Grey,FALSE
1742,Honda,Civic,2023,Grey,FALSE
1753,Honda,Civic,2023,Grey,FALSE
1754,Honda,Civic,2023,Grey,FALSE
1755,Honda,Civic,2023,Grey,FALSE
1756,Honda,Civic,2023,Grey,FALSE
1757,Honda,Civic,2023,Grey,FALSE
1758,Honda,Civic,2023,Grey,FALSE
1759,Honda,Civic,2023,Grey,FALSE
1760,Honda,Civic,2023,Grey,FALSE
1761,Honda,Civic,2023,Grey,FALSE
1762,Honda,Civic,2023,Grey,FALSE
1763,Honda,Civic,2023,Grey,FALSE
1764,Honda,Civic,2023,Grey,FALSE
1765,Honda,Civic,2023,Grey,FALSE
1766,Honda,Civic,2023,Grey,FALSE
1768,Honda,Civic,2023,Grey,FALSE
1769,Honda,Civic,2023,Grey,FALSE
1771,Honda,Civic,2023,Grey,FALSE
1772,Honda,Civic,2023,Grey,FALSE
1773,Honda,Civic,2023,Grey,FALSE
1774,Honda,Civic,2023,Grey,FALSE
1775,Honda,Civic,2023,Grey,FALSE
1776,Honda,Civic,2023,Grey,FALSE
1777,Honda,Civic,2023,Grey,FALSE
1779,Honda,Civic,2023,Grey,FALSE
1780,Honda,Civic,2023,Grey,FALSE
1781,Honda,Civic,2023,Grey,FALSE
1783,Honda,Civic,2023,Grey,FALSE
1784,Honda,Civic,2023,Grey,FALSE
1785,Honda,Civic,2023,Grey,FALSE
1786,Honda,Civic,2023,Grey,FALSE
1787,Honda,Civic,2023,Grey,FALSE
1788,Honda,Civic,2023,Grey,FALSE
1789,Honda,Civic,2023,Grey,FALSE
1790,Honda,Civic,2023,Grey,FALSE
1791,Honda,Civic,2023,Grey,FALSE
1792,Honda,Civic,2023,Grey,FALSE
1800,Toyota,Hilux,2024,,TRUE
1802,Toyota,Hilux,2024,,TRUE
1803,Toyota,Hilux,2024,,TRUE
1804,Toyota,Hilux,2024,,TRUE
1805,Toyota,Hilux,2024,,TRUE
1807,Toyota,Hilux,2024,,TRUE
1808,Toyota,Hilux,2024,,TRUE
1809,Toyota,Hilux,2024,,TRUE
1810,Toyota,Hilux,2024,,TRUE
1811,Toyota,Hilux,2024,,TRUE
1812,Toyota,Hilux,2024,,TRUE
1813,Toyota,Hilux,2024,,TRUE
1814,Toyota,Hilux,2024,,TRUE
1817,Toyota,Hilux,2024,,TRUE
1818,Toyota,Hilux,2024,,TRUE
1819,Toyota,Hilux,2024,,TRUE
1820,Toyota,Hilux,2024,,TRUE
1821,Toyota,Hilux,2024,,TRUE
1822,Toyota,Hilux,2024,,TRUE
1823,Toyota,Hilux,2024,,TRUE
1824,Honda,Civic,2023,Grey,FALSE
1825,Honda,Civic,2023,Grey,FALSE
1826,Honda,Civic,2023,Grey,FALSE
1827,Honda,Civic,2023,Grey,FALSE
1829,Honda,Civic,2023,Grey,FALSE
1830,Honda,Civic,2023,Grey,FALSE
1832,Honda,Civic,2023,Grey,FALSE
1833,Honda,Civic,2023,Grey,FALSE
1835,Honda,Civic,2023,Grey,FALSE
1836,Honda,Civic,2023,Grey,FALSE
1837,Honda,Civic,2023,Grey,FALSE
1838,Honda,Civic,2023,Grey,FALSE
1839,Honda,Civic,2023,Grey,FALSE
1840,Honda,Civic,2023,Grey,FALSE
1841,Honda,Civic,2023,Grey,FALSE
1842,Honda,Civic,2023,Grey,FALSE
1843,Honda,Civic,2023,Grey,FALSE
1868,Hyundai,Tucsan,2023,,
1869,Hyundai,Tucsan,2023,,
1870,Hyundai,Tucsan,2023,,
1871,Hyundai,Tucsan,2023,,
1872,Hyundai,Tucsan,2023,,
1873,Hyundai,Tucsan,2023,,
1874,Hyundai,Tucsan,2023,,
1876,Hyundai,Tucsan,2023,,
1877,Hyundai,Tucsan,2023,,
1878,Hyundai,Tucsan,2023,,
1879,Hyundai,Tucsan,2023,,
1880,Hyundai,Tucsan,2023,,
1881,Hyundai,Tucsan,2023,,
1882,Audi,Q7,2024,White,TRUE
1883,Audi,Q7,2024,White,TRUE
1884,Audi,Q7,2024,White,TRUE
1885,Audi,Q7,2024,Blue,TRUE
1886,Audi,Q7,2024,White,TRUE
1887,Audi,Q7,2024,Blue,TRUE
1888,Audi,Q7,2024,White,TRUE
1889,Audi,Q7,2024,White,TRUE
1890,Audi,Q7,2024,Black,TRUE
1891,Audi,Q7,2024,White,TRUE
1892,Audi,Q7,2024,White,TRUE
1893,Audi,Q7,2024,White,TRUE
1894,Audi,Q7,2024,White,TRUE
1896,Audi,Q7,2024,Blue,TRUE
1897,Audi,Q7,2024,Black,TRUE
1898,Audi,Q7,2024,White,TRUE
1899,Audi,Q7,2024,White,TRUE
1900,Audi,Q7,2024,White,TRUE
1901,Audi,Q7,2024,White,TRUE
1902,Audi,Q7,2024,Blue,TRUE
1903,Audi,Q7,2024,White,TRUE
1904,Audi,Q7,2024,Blue,TRUE
1906,Audi,Q7,2024,Blue,TRUE
1907,Audi,Q7,2024,Blue,TRUE
1908,Audi,Q7,2024,White,TRUE
1909,Audi,Q7,2024,Black,TRUE
1910,Audi,Q7,2024,Black,TRUE
1911,Audi,Q7,2024,White,TRUE
1912,Audi,Q7,2024,White,TRUE
1913,Audi,Q7,2024,White,TRUE
1914,Audi,Q7,2024,White,TRUE
1915,Audi,Q7,2024,White,TRUE
1916,Audi,Q7,2024,White,TRUE
1917,Audi,Q7,2024,White,TRUE
1918,Audi,Q7,2024,Black,TRUE
1919,Audi,Q7,2024,White,TRUE
1920,Audi,Q7,2024,Blue,TRUE
1921,Audi,Q7,2024,Black,TRUE
1922,Audi,Q7,2024,White,TRUE
1923,Audi,Q7,2024,White,TRUE
1924,Audi,Q7,2024,White,TRUE
1925,Audi,Q7,2024,Black,TRUE
1926,Audi,Q7,2024,Black,TRUE
1927,Audi,Q7,2024,Black,TRUE
1928,Audi,Q7,2024,Black,TRUE
1929,Audi,Q7,2024,White,TRUE
1930,Audi,Q7,2024,White,TRUE
1931,Audi,Q7,2024,White,TRUE
1932,Audi,Q7,2024,White,TRUE
1933,Audi,Q7,2024,White,TRUE
1934,Audi,Q7,2024,White,TRUE
1935,Audi,Q7,2024,Blue,TRUE
1936,Audi,Q7,2024,Blue,TRUE
1937,Audi,Q7,2024,Blue,TRUE
1938,Audi,Q7,2024,White,TRUE
1939,Audi,Q7,2024,White,TRUE
1940,Audi,Q7,2024,Black,TRUE
1941,Audi,Q7,2024,White,TRUE
1942,Audi,Q7,2024,White,TRUE
1943,Audi,Q7,2024,White,TRUE
1944,Audi,Q7,2024,White,TRUE
1945,Audi,Q7,2024,White,TRUE
1946,Audi,Q7,2024,White,TRUE
1947,Audi,Q7,2024,White,TRUE
1948,Audi,Q7,2024,White,TRUE
1949,Audi,Q7,2024,White,TRUE
1950,Audi,Q7,2024,White,TRUE
1951,Audi,Q7,2024,White,TRUE
1952,Audi,Q7,2024,White,TRUE
1953,Audi,Q7,2024,White,TRUE
1954,Audi,Q7,2024,White,TRUE
1955,Audi,Q7,2024,White,TRUE
1956,Audi,Q7,2024,White,TRUE
1957,Audi,Q7,2024,White,TRUE
1958,Audi,Q7,2024,White,TRUE
1959,Audi,Q7,2024,White,TRUE
1960,Audi,Q7,2024,White,TRUE
1961,Audi,Q7,2024,White,TRUE
1962,Audi,Q7,2024,White,TRUE
1963,Audi,Q7,2024,White,TRUE
1964,Audi,Q7,2024,White,TRUE
1965,Audi,Q7,2024,White,TRUE
1966,Audi,Q7,2024,White,TRUE
1967,Audi,Q7,2024,White,TRUE
1968,Audi,Q7,2024,White,TRUE
1969,Audi,Q7,2024,White,TRUE
1970,Audi,Q7,2024,White,TRUE
1971,Audi,Q7,2024,White,TRUE
1972,Audi,Q7,2024,White,TRUE
1974,Audi,Q7,2024,White,TRUE
1975,Audi,Q7,2024,White,TRUE
1976,Audi,Q7,2024,White,TRUE
1977,Audi,Q7,2024,White,TRUE
1978,Audi,Q7,2024,White,TRUE
1980,Audi,Q7,2024,White,TRUE
1981,Audi,Q7,2024,White,TRUE
1982,Audi,Q7,2024,White,TRUE
1983,Audi,Q7,2024,White,TRUE
1984,Audi,Q7,2024,White,TRUE
1985,Audi,Q7,2024,White,TRUE
1986,Audi,Q7,2024,White,TRUE
1987,Audi,Q7,2024,White,TRUE
1988,Audi,Q7,2024,White,TRUE
1989,Audi,Q7,2024,White,TRUE
1990,Audi,Q7,2024,White,TRUE
1991,Audi,Q7,2024,White,TRUE
1992,Audi,Q7,2024,White,TRUE
1993,Audi,Q7,2024,White,TRUE
1994,Audi,Q7,2024,White,TRUE
1995,Audi,Q7,2024,White,TRUE
1996,Audi,Q7,2024,White,TRUE
1997,Audi,Q7,2024,White,TRUE
1998,Audi,Q7,2024,White,TRUE
1999,Audi,Q7,2024,White,TRUE
2000,Audi,Q7,2024,White,TRUE
2001,Audi,Q7,2024,White,TRUE
2002,Audi,Q7,2024,White,TRUE
2003,Audi,Q7,2024,White,TRUE
2004,Audi,Q7,2024,White,TRUE
2005,Audi,Q7,2024,White,TRUE
2006,Audi,Q7,2024,White,TRUE
2007,Audi,Q7,2024,White,TRUE
2008,Audi,Q7,2024,White,TRUE
2009,Audi,Q7,2024,White,TRUE
2010,Audi,Q7,2024,White,TRUE
2011,Audi,Q7,2024,White,TRUE
2012,Audi,Q7,2024,White,TRUE
2013,Audi,Q7,2024,White,TRUE
2014,Audi,Q7,2024,White,TRUE
2015,Audi,Q7,2024,White,TRUE
2016,Audi,Q7,2024,White,TRUE
2017,Audi,Q7,2024,White,TRUE
2018,Audi,Q7,2024,White,TRUE
2019,Audi,Q7,2024,White,TRUE
2020,Audi,Q7,2024,White,TRUE
2021,Audi,Q7,2024,White,TRUE
2022,Audi,Q7,2024,White,TRUE
2023,Audi,Q7,2024,White,TRUE
2024,Audi,Q7,2024,White,TRUE
2025,Audi,Q7,2024,White,TRUE
2026,Audi,Q7,2024,White,TRUE
2027,Audi,Q7,2024,White,TRUE
2028,Audi,Q7,2024,White,TRUE
2029,Audi,Q7,2024,White,TRUE
2030,Audi,Q7,2024,White,TRUE
2031,Audi,Q7,2024,White,TRUE
2032,Audi,Q7,2024,White,TRUE
2033,Audi,Q7,2024,White,TRUE
2034,Audi,Q7,2024,White,TRUE
2035,Audi,Q7,2024,White,TRUE
2036,Audi,Q7,2024,White,TRUE
2037,Audi,Q7,2024,White,TRUE
2038,Audi,Q7,2024,White,TRUE
2039,Audi,Q7,2024,White,TRUE
2040,Audi,Q7,2024,White,TRUE
2041,Audi,Q7,2024,White,TRUE
2042,Audi,Q7,2024,White,TRUE
2043,Audi,Q7,2024,White,TRUE
2044,Audi,Q7,2024,White,TRUE
2045,Audi,Q7,2024,White,TRUE
2046,Audi,Q7,2024,White,TRUE
2047,Audi,Q7,2024,White,TRUE
2048,Audi,Q7,2024,White,TRUE
2049,Audi,Q7,2024,White,TRUE
2050,Audi,Q7,2024,White,TRUE
2051,Audi,Q7,2024,White,TRUE
2052,Audi,Q7,2024,White,TRUE
2053,Audi,Q7,2024,White,TRUE
2054,Audi,Q7,2024,White,TRUE
2055,Audi,Q7,2024,White,TRUE
2056,Audi,Q7,2024,White,TRUE
2057,Audi,Q7,2024,White,TRUE
2058,Audi,Q7,2024,White,TRUE
2059,Audi,Q7,2024,White,TRUE
2060,Audi,Q7,2024,White,TRUE
2061,Audi,Q7,2024,White,TRUE
2062,Audi,Q7,2024,White,TRUE
2063,Audi,Q7,2024,White,TRUE
2064,Audi,Q7,2024,White,TRUE
2065,Audi,Q7,2024,White,TRUE
2066,Audi,Q7,2024,White,TRUE
2067,Audi,Q7,2024,White,TRUE
2068,Audi,Q7,2024,White,TRUE
2069,Audi,Q7,2024,White,TRUE
2070,Audi,Q7,2024,White,TRUE
2071,Audi,Q7,2024,White,TRUE
2072,Audi,Q7,2024,White,TRUE
2073,Audi,Q7,2024,White,TRUE
2074,Audi,Q7,2024,White,TRUE
2075,Audi,Q7,2024,White,TRUE
2076,Audi,Q7,2024,White,TRUE
2077,Audi,Q7,2024,White,TRUE
2078,Audi,Q7,2024,White,TRUE
2079,Audi,Q7,2024,White,TRUE
2080,Audi,Q7,2024,White,TRUE
2081,Audi,Q7,2024,White,TRUE
2082,Audi,Q7,2024,White,TRUE
2083,Audi,Q7,2024,White,TRUE
2084,Audi,Q7,2024,White,TRUE
2085,Audi,Q7,2024,White,TRUE
2086,Audi,Q7,2024,White,TRUE
2087,Audi,Q7,2024,White,TRUE
2088,Audi,Q7,2024,White,TRUE
2089,Audi,Q7,2024,White,TRUE
2090,Audi,Q7,2024,White,TRUE
2091,Audi,Q7,2024,White,TRUE
2092,Audi,Q7,2024,White,TRUE
2093,Audi,Q7,2024,White,TRUE
2094,Audi,Q7,2024,White,TRUE
2095,Audi,Q7,2024,White,TRUE
2096,Audi,Q7,2024,White,TRUE
2097,Audi,Q7,2024,White,TRUE
2098,Audi,Q7,2024,White,TRUE
2099,Audi,Q7,2024,White,TRUE
2100,Audi,Q7,2024,White,TRUE
2101,Audi,Q7,2024,White,TRUE
2102,Audi,Q7,2024,White,TRUE
2103,Audi,Q7,2024,White,TRUE
2105,Audi,Q7,2024,White,TRUE
2106,Audi,Q7,2024,White,TRUE
2107,Audi,Q7,2024,White,TRUE
2108,Audi,Q7,2024,White,TRUE
2109,Audi,Q7,2024,White,TRUE
2110,Audi,Q7,2024,White,TRUE
2111,Audi,Q7,2024,White,TRUE
2112,Audi,Q7,2024,White,TRUE
2113,Audi,Q7,2024,White,TRUE
2114,Audi,Q7,2024,White,TRUE
2115,Audi,Q7,2024,White,TRUE
2116,Audi,Q7,2024,White,TRUE
2117,Audi,Q7,2024,White,TRUE
2118,Audi,Q7,2024,White,TRUE
2119,Audi,Q7,2024,White,TRUE
2120,Audi,Q7,2024,White,TRUE
2121,Audi,Q7,2024,White,TRUE
2122,Audi,Q7,2024,White,TRUE
2123,Audi,Q7,2024,White,TRUE
2124,Audi,Q7,2024,White,TRUE
2125,Audi,Q7,2024,White,TRUE
2126,Audi,Q7,2024,White,TRUE
2127,Audi,Q7,2024,White,TRUE
2129,Audi,Q7,2024,White,TRUE
2130,Audi,Q7,2024,White,TRUE
2131,Audi,Q7,2024,White,TRUE
2132,Hyundai,Tucsan,2023,,
2133,Hyundai,Tucsan,2023,,
2134,Hyundai,Tucsan,2023,,
2135,Hyundai,Tucsan,2023,,
2136,Hyundai,Tucsan,2023,,
2137,Hyundai,Tucsan,2023,,
2138,Hyundai,Tucsan,2023,,
2139,Hyundai,Tucsan,2023,,
2140,Hyundai,Tucsan,2023,,
2141,Hyundai,Tucsan,2023,,
2142,Hyundai,Tucsan,2023,,
2143,Hyundai,Tucsan,2023,,
2144,Hyundai,Tucsan,2023,,
2145,Hyundai,Tucsan,2023,,
2146,Hyundai,Tucsan,2023,,
2147,Hyundai,Tucsan,2023,,
2148,Hyundai,Tucsan,2023,,
2150,Hyundai,Tucsan,2023,,
2151,Hyundai,Tucsan,2023,,
2152,Hyundai,Tucsan,2023,,
2153,Audi,Q7,2024,White,TRUE
2154,Audi,Q7,2024,White,TRUE
2155,Audi,Q7,2024,White,TRUE
2156,Audi,Q7,2024,White,TRUE
2157,Audi,Q7,2024,White,TRUE
2158,Audi,Q7,2024,White,TRUE
2159,Audi,Q7,2024,White,TRUE
2160,Audi,Q7,2024,White,TRUE
2161,Audi,Q7,2024,White,TRUE
2162,Audi,Q7,2024,White,TRUE
2163,Audi,Q7,2024,White,TRUE
2164,Audi,Q7,2024,White,TRUE
2165,Audi,Q7,2024,White,TRUE
2166,Audi,Q7,2024,White,TRUE
2167,Audi,Q7,2024,White,TRUE
2168,Audi,Q7,2024,White,TRUE
2169,Audi,Q7,2024,White,TRUE
2170,Audi,Q7,2024,White,TRUE
2171,Audi,Q7,2024,White,TRUE
2172,Audi,Q7,2024,White,TRUE
2173,Audi,Q7,2024,White,TRUE
2174,Audi,Q7,2024,White,TRUE
2175,Audi,Q7,2024,White,TRUE
2176,Audi,Q7,2024,White,TRUE
2177,Audi,Q7,2024,White,TRUE
2178,Audi,Q7,2024,White,TRUE
2179,Audi,Q7,2024,White,TRUE
2180,Audi,Q7,2024,White,TRUE
2181,Audi,Q7,2024,White,TRUE
2182,Audi,Q7,2024,White,TRUE
2183,Audi,Q7,2024,White,TRUE
2184,Audi,Q7,2024,White,TRUE
2185,Audi,Q7,2024,White,TRUE
2186,Audi,Q7,2024,White,TRUE
2187,Audi,Q7,2024,White,TRUE
2188,Audi,Q7,2024,White,TRUE
2189,Audi,Q7,2024,White,TRUE
2190,Audi,Q7,2024,White,TRUE
2191,Audi,Q7,2024,White,TRUE
2192,Audi,Q7,2024,White,TRUE
2193,Audi,Q7,2024,White,TRUE
2194,Audi,Q7,2024,White,TRUE
2195,Audi,Q7,2024,White,TRUE
2196,Audi,Q7,2024,White,TRUE
2197,Audi,Q7,2024,White,TRUE
2198,Audi,Q7,2024,White,TRUE
2199,Audi,Q7,2024,White,TRUE
2200,Audi,Q7,2024,White,TRUE
2201,Audi,Q7,2024,White,TRUE
2202,Audi,Q7,2024,White,TRUE
2203,Audi,Q7,2024,White,TRUE
2204,Audi,Q7,2024,White,TRUE
2205,Audi,Q7,2024,White,TRUE
2206,Audi,Q7,2024,White,TRUE
2207,Audi,Q7,2024,White,TRUE
2208,Audi,Q7,2024,White,TRUE
2209,Audi,Q7,2024,White,TRUE
2210,Audi,Q7,2024,White,TRUE
2211,Audi,Q7,2024,White,TRUE
2212,Audi,Q7,2024,White,TRUE
2213,Audi,Q7,2024,White,TRUE
2214,Audi,Q7,2024,White,TRUE
2215,Audi,Q7,2024,White,TRUE
2216,Audi,Q7,2024,White,TRUE
2217,Audi,Q7,2024,White,TRUE
2218,Audi,Q7,2024,White,TRUE
2219,Audi,Q7,2024,White,TRUE
2220,Audi,Q7,2024,White,TRUE
2221,Audi,Q7,2024,White,TRUE
2222,Audi,Q7,2024,White,TRUE
2223,Audi,Q7,2024,White,TRUE
2224,Audi,Q7,2024,White,TRUE
2225,Audi,Q7,2024,White,TRUE
2226,Audi,Q7,2024,White,TRUE
2227,Audi,Q7,2024,White,TRUE
2228,Audi,Q7,2024,White,TRUE
2229,Audi,Q7,2024,White,TRUE
2230,Audi,Q7,2024,White,TRUE
2231,Audi,Q7,2024,White,TRUE
2232,Audi,Q7,2024,White,TRUE
2239,Audi,Q7,2024,White,TRUE
2240,Audi,Q7,2024,White,TRUE
2241,Audi,Q7,2024,White,TRUE
2242,Audi,Q7,2024,White,TRUE
2243,Audi,Q7,2024,White,TRUE
2244,Audi,Q7,2024,White,TRUE
2245,Audi,Q7,2024,White,TRUE
2246,Audi,Q7,2024,White,TRUE
2247,Audi,Q7,2024,White,TRUE
2248,Audi,Q7,2024,White,TRUE
2249,Audi,Q7,2024,White,TRUE
2250,Audi,Q7,2024,White,TRUE
2251,Audi,Q7,2024,White,TRUE
2252,Audi,Q7,2024,White,TRUE
2253,Audi,Q7,2024,White,TRUE
2254,Audi,Q7,2024,White,TRUE
2255,Audi,Q7,2024,White,TRUE
2256,Audi,Q7,2024,White,TRUE
2257,Audi,Q7,2024,White,TRUE
2258,Audi,Q7,2024,White,TRUE
2259,Audi,Q7,2024,White,TRUE
2260,Audi,Q7,2024,White,TRUE
2261,Audi,Q7,2024,White,TRUE
2262,Audi,Q7,2024,White,TRUE
2263,Audi,Q7,2024,White,TRUE
2264,Audi,Q7,2024,White,TRUE
2265,Audi,Q7,2024,White,TRUE
2266,Audi,Q7,2024,White,TRUE
2267,Audi,Q7,2024,White,TRUE
2268,Audi,Q7,2024,Black,TRUE
2269,Audi,Q7,2024,White,TRUE
2270,Audi,Q7,2024,White,TRUE
2271,Audi,Q7,2024,White,TRUE
2272,Audi,Q7,2024,White,TRUE
2273,Audi,Q7,2024,Black,TRUE
2274,Audi,Q7,2024,White,TRUE
2275,Audi,Q7,2024,White,TRUE
2276,Audi,Q7,2024,White,TRUE
2277,Audi,Q7,2024,White,TRUE
2278,Audi,Q7,2024,White,TRUE
2279,Audi,Q7,2024,White,TRUE
2280,Audi,Q7,2024,White,TRUE
2281,Audi,Q7,2024,White,TRUE
2282,Audi,Q7,2024,White,TRUE
2283,Audi,Q7,2024,White,TRUE
2284,Audi,Q7,2024,White,TRUE
2285,Audi,Q7,2024,White,TRUE
2286,Audi,Q7,2024,White,TRUE
2287,Audi,Q7,2024,White,TRUE
2288,Audi,Q7,2024,White,TRUE
2289,Audi,Q7,2024,White,TRUE
2290,Audi,Q7,2024,White,TRUE
2291,Audi,Q7,2024,Blue,TRUE
2292,Audi,Q7,2024,White,TRUE
2293,Audi,Q7,2024,White,TRUE
2294,Audi,Q7,2024,White,TRUE
2295,Audi,Q7,2024,White,TRUE
2296,Audi,Q7,2024,White,TRUE
2297,Audi,Q7,2024,Blue,TRUE
2298,Audi,Q7,2024,White,TRUE
2299,Audi,Q7,2024,White,TRUE
2300,Audi,Q7,2024,White,TRUE
2301,Audi,Q7,2024,White,TRUE
2302,Audi,Q7,2024,White,TRUE
2303,Audi,Q7,2024,White,TRUE
2304,Audi,Q7,2024,White,TRUE
2305,Audi,Q7,2024,White,TRUE
2306,Audi,Q7,2024,White,TRUE
2307,Audi,Q7,2024,White,TRUE
2342,Audi,Q7,2024,White,TRUE
2343,Audi,Q7,2024,White,TRUE
2344,Audi,Q7,2024,White,TRUE
2345,Audi,Q7,2024,White,TRUE
2346,Audi,Q7,2024,White,TRUE
2347,Audi,Q7,2024,White,TRUE
2348,Audi,Q7,2024,White,TRUE
2349,Audi,Q7,2024,White,TRUE
2350,Audi,Q7,2024,White,TRUE
2351,Audi,Q7,2024,White,TRUE
2355,Audi,Q7,2025,White,TRUE
2356,Audi,Q7,2025,White,TRUE
2357,Audi,Q7,2025,White,TRUE
2358,Audi,Q7,2025,White,TRUE
2359,Audi,Q7,2025,White,TRUE
2360,Audi,Q7,2025,White,TRUE
2361,Audi,Q7,2025,White,TRUE
2362,Audi,Q7,2025,White,TRUE
2364,Audi,Q7,2025,White,TRUE
2365,Audi,Q7,2025,White,TRUE
2366,Audi,Q7,2025,White,TRUE
2367,Audi,Q7,2025,Blue,TRUE
2368,Audi,Q7,2025,Black,TRUE
2369,Audi,Q7,2025,Blue,TRUE
2371,Audi,Q7,2025,White,TRUE
2372,Audi,Q7,2025,Blue,TRUE
2373,Audi,Q7,2025,Black,TRUE
2374,Audi,Q7,2025,White,TRUE
2375,Audi,Q7,2025,Blue,TRUE
2376,Audi,Q7,2025,Black,TRUE
2377,Audi,Q7,2025,White,TRUE
2378,Audi,Q7,2025,Black,TRUE
2379,Audi,Q7,2025,Blue,TRUE
2380,Audi,Q7,2025,Black,TRUE
2381,Audi,Q7,2025,Blue,TRUE
2382,Audi,Q7,2025,Blue,TRUE
2383,Audi,Q7,2025,White,TRUE
2384,Audi,Q7,2025,Blue,TRUE
2385,Audi,Q7,2025,Blue,TRUE
2386,Audi,Q7,2025,Blue,TRUE
2387,Audi,Q7,2025,Black,TRUE
2388,Audi,Q7,2025,Black,TRUE
2389,Audi,Q7,2025,Blue,TRUE
2390,Audi,Q7,2025,White,TRUE
2391,Audi,Q7,2025,Blue,TRUE
2392,Audi,Q7,2025,Black,TRUE
2393,Audi,Q7,2025,White,TRUE
2394,Audi,Q7,2025,White,TRUE
2395,Audi,Q7,2025,White,TRUE
2396,Audi,Q7,2025,Black,TRUE
2397,Audi,Q7,2025,White,TRUE
2398,Audi,Q7,2025,Blue,TRUE
2399,Audi,Q7,2025,Blue,TRUE
2400,Audi,Q7,2025,Blue,TRUE
2401,Audi,Q7,2025,White,TRUE
2402,Audi,Q7,2025,Blue,TRUE
2403,Audi,Q7,2025,Blue,TRUE
2404,Audi,Q7,2025,White,TRUE
2405,Audi,Q7,2025,White,TRUE
2406,Audi,Q7,2025,White,TRUE
2407,Audi,Q7,2025,White,TRUE
2408,Audi,Q7,2025,White,TRUE
2409,Audi,Q7,2025,Black,TRUE
2410,Audi,Q7,2025,Black,TRUE
2411,Audi,Q7,2025,Black,TRUE
2412,Audi,Q7,2025,Black,TRUE
2413,Audi,Q7,2025,Black,TRUE
2414,Audi,Q7,2025,White,TRUE
2415,Audi,Q7,2025,White,TRUE
2416,Audi,Q7,2025,Black,TRUE
2417,Audi,Q7,2025,Black,TRUE
2418,Audi,Q7,2025,White,TRUE
2419,Audi,Q7,2025,Black,TRUE
2420,Audi,Q7,2025,White,TRUE
2421,Audi,Q7,2025,White,TRUE
2422,Audi,Q7,2025,White,TRUE
2423,Audi,Q7,2025,White,TRUE
2424,Audi,Q7,2025,White,TRUE
2425,Audi,Q7,2025,White,TRUE
2426,Audi,Q7,2025,White,TRUE
2427,Audi,Q7,2025,White,TRUE
2428,Audi,Q7,2025,White,TRUE
2429,Audi,Q7,2025,White,TRUE
2430,Audi,Q7,2025,White,TRUE
2431,Audi,Q7,2025,White,TRUE
2432,Audi,Q7,2025,White,TRUE
2433,Audi,Q7,2025,White,TRUE
2434,Audi,Q7,2025,White,TRUE
2435,Audi,Q7,2025,White,TRUE
2436,Audi,Q7,2025,White,TRUE
2437,Audi,Q7,2025,White,TRUE
2438,Audi,Q7,2025,White,TRUE
2439,Audi,Q7,2025,White,TRUE
2440,Audi,Q7,2025,White,TRUE
2441,Audi,Q7,2025,White,TRUE
2442,Audi,Q7,2025,White,TRUE
2443,Audi,Q7,2025,White,TRUE
2444,Audi,Q7,2025,White,TRUE
2445,Audi,Q7,2025,White,TRUE
2446,Audi,Q7,2025,White,TRUE
2447,Audi,Q7,2025,White,TRUE
2448,Audi,Q7,2025,White,TRUE
2449,Audi,Q7,2025,White,TRUE
2450,Audi,Q7,2025,White,TRUE
2451,Audi,Q7,2025,White,TRUE
2452,Audi,Q7,2025,White,TRUE
2453,Audi,Q7,2025,White,TRUE
2454,Audi,Q7,2025,White,TRUE
2455,Audi,Q7,2025,White,TRUE
2456,Audi,Q7,2025,White,TRUE
2457,Audi,Q7,2025,White,TRUE
2458,Audi,Q7,2025,White,TRUE
2459,Audi,Q7,2025,White,TRUE
2460,Audi,Q7,2025,White,TRUE
2461,Kia,Picanto,2025,Grey,TRUE
2462,Audi,Q7,2025,White,TRUE
2463,Audi,Q7,2025,White,TRUE
2464,Audi,Q7,2025,White,TRUE
2465,Audi,Q7,2025,White,TRUE
2466,Audi,Q7,2025,White,TRUE
2467,Kia,Picanto,2025,Grey,TRUE
2468,Kia,Picanto,2025,Grey,TRUE
2469,Audi,Q7,2025,White,TRUE
2470,Audi,Q7,2025,White,TRUE
2471,Audi,Q7,2025,White,TRUE
2473,Audi,Q7,2025,White,TRUE
2474,Audi,Q7,2025,White,TRUE
2475,Kia,Picanto,2025,Grey,TRUE
2476,Audi,Q7,2025,White,TRUE
2477,Audi,Q7,2025,White,TRUE
2478,Audi,Q7,2025,White,TRUE
2479,Audi,Q7,2025,White,TRUE
2480,Audi,Q7,2025,White,TRUE
2481,Audi,Q7,2025,White,TRUE
2482,Audi,Q7,2025,White,TRUE
2483,Audi,Q7,2025,White,TRUE
2484,Audi,Q7,2025,White,TRUE
2485,Audi,Q7,2025,White,TRUE
2486,Audi,Q7,2025,White,TRUE
2487,Audi,Q7,2025,White,TRUE
2488,Audi,Q7,2025,White,TRUE
2489,Audi,Q7,2025,White,TRUE
2490,Audi,Q7,2025,White,TRUE
2491,Audi,Q7,2025,White,TRUE
2492,Audi,Q7,2025,White,TRUE
2493,Audi,Q7,2025,White,TRUE
2494,Audi,Q7,2025,White,TRUE
2495,Audi,Q7,2025,White,TRUE
2496,Audi,Q7,2025,White,TRUE
2497,Audi,Q7,2025,White,TRUE
2498,Audi,Q7,2025,White,TRUE
2499,Audi,Q7,2025,White,TRUE
2500,Kia,Picanto,2025,Grey,TRUE
2501,Kia,Picanto,2025,Grey,TRUE
2502,Kia,Picanto,2025,Grey,TRUE
2503,Kia,Picanto,2025,Grey,TRUE
2504,Kia,Picanto,2025,Grey,TRUE
2505,Kia,Picanto,2025,Grey,TRUE
2511,Kia,Picanto,2025,White,TRUE
2512,Kia,Picanto,2025,White,TRUE
2513,Kia,Picanto,2025,White,TRUE
2515,Kia,Picanto,2025,White,TRUE
2516,Kia,Picanto,2025,White,TRUE
2517,Kia,Picanto,2025,White,TRUE
2518,Kia,Picanto,2025,White,TRUE
2519,Kia,Picanto,2025,White,TRUE
2520,Audi,Q7,2025,Blue,TRUE
2521,Audi,Q7,2025,Blue,TRUE
2522,Audi,Q7,2025,Blue,TRUE
2523,Audi,Q7,2025,Blue,TRUE
2524,Audi,Q7,2025,Blue,TRUE
2525,Audi,Q7,2025,Blue,TRUE
2526,Audi,Q7,2025,Blue,TRUE
2527,Audi,Q7,2025,Blue,TRUE
2528,Audi,Q7,2025,Blue,TRUE
2529,Audi,Q7,2025,Blue,TRUE
2530,Audi,Q7,2025,Blue,TRUE
2531,Audi,Q7,2025,Blue,TRUE
2532,Audi,Q7,2025,Blue,TRUE
2533,Audi,Q7,2025,Blue,TRUE
2534,Audi,Q7,2025,Blue,TRUE
2535,Audi,Q7,2025,Blue,TRUE
2536,Audi,Q7,2025,Blue,TRUE
2537,Audi,Q7,2025,Blue,TRUE
2538,Audi,Q7,2025,Blue,TRUE
2539,Audi,Q7,2025,Blue,TRUE
2540,Audi,Q7,2025,Blue,TRUE
2541,Audi,Q7,2025,Blue,TRUE
2542,Audi,Q7,2025,Blue,TRUE
2543,Audi,Q7,2025,Blue,TRUE
2544,Audi,Q7,2025,Blue,TRUE
2545,Audi,Q7,2025,Blue,TRUE
2546,Audi,Q7,2025,Blue,TRUE
2547,Audi,Q7,2025,Blue,TRUE
2548,Audi,Q7,2025,Blue,TRUE
2549,Audi,Q7,2025,Blue,TRUE
2550,Audi,R8,2023,WHITE,FALSE
2551,Audi,R8,2023,WHITE,FALSE
2552,Audi,R8,2023,WHITE,FALSE
2553,Audi,R8,2023,WHITE,FALSE
2554,Audi,R8,2023,WHITE,FALSE
2555,Audi,R8,2021,WHITE,FALSE
2556,Audi,R8,2021,WHITE,FALSE
2557,Audi,R8,2021,WHITE,FALSE
2558,Audi,R8,2021,WHITE,FALSE
2559,Audi,R8,2021,WHITE,FALSE
2560,Audi,R8,2023,WHITE,FALSE
2561,Audi,R8,2023,WHITE,FALSE
2562,Audi,R8,2023,WHITE,FALSE
2563,Audi,R8,2024,WHITE,FALSE
2564,Audi,R8,2024,WHITE,FALSE
2565,Audi,R8,2024,WHITE,FALSE
2566,Audi,R8,2023,WHITE,FALSE
2567,Audi,R8,2024,WHITE,FALSE
2568,Audi,R8,2024,WHITE,FALSE
2569,Audi,R8,2024,WHITE,FALSE
2570,Audi,R8,2024,WHITE,FALSE
2571,Audi,R8,2024,WHITE,FALSE
2572,Audi,R8,2023,WHITE,FALSE
2573,Audi,R8,2023,WHITE,FALSE
2574,Audi,R8,2021,WHITE,FALSE
2575,Audi,R8,2021,WHITE,FALSE
2576,Audi,R8,2021,WHITE,FALSE
2577,Audi,R8,2021,WHITE,FALSE
2578,Audi,R8,2021,WHITE,FALSE
2579,Audi,R8,2021,WHITE,TRUE
2580,Audi,R8,2021,WHITE,TRUE
2581,Audi,R8,2021,WHITE,TRUE
2582,Audi,R8,2021,WHITE,TRUE
2583,Audi,R8,2021,WHITE,TRUE
2584,Audi,R8,2021,WHITE,TRUE
2585,Audi,R8,2021,WHITE,TRUE
2586,Audi,R8,2021,WHITE,TRUE
2587,Audi,R8,2021,WHITE,TRUE
2588,Audi,R8,2021,WHITE,TRUE
2589,Volkswagen,Golf,2026,WHITE,TRUE
2590,Volkswagen,Golf,2026,WHITE,TRUE
2591,Volkswagen,Golf,2026,WHITE,TRUE
2592,Volkswagen,Golf,2026,WHITE,TRUE
2593,Volkswagen,Golf,2026,WHITE,TRUE
2594,Volkswagen,Golf,2026,WHITE,TRUE
2595,Volkswagen,Golf,2026,WHITE,TRUE
2596,Volkswagen,Golf,2026,WHITE,TRUE
2597,Volkswagen,Golf,2026,WHITE,TRUE
2598,Volkswagen,Golf,2026,WHITE,TRUE
2599,Volkswagen,Golf,2026,WHITE,TRUE
2600,Volkswagen,Golf,2026,WHITE,TRUE
2601,Volkswagen,Golf,2026,WHITE,TRUE
2602,Volkswagen,Golf,2026,WHITE,TRUE
2603,Volkswagen,Golf,2026,WHITE,TRUE
2604,Audi,R8,2021,WHITE,TRUE
2605,Audi,R8,2021,WHITE,TRUE
2606,Audi,R8,2021,WHITE,TRUE
2607,Audi,R8,2021,WHITE,TRUE
2608,Audi,R8,2021,WHITE,TRUE
2609,Audi,R8,2021,WHITE,TRUE
2610,Audi,R8,2021,WHITE,TRUE
2611,Audi,R8,2021,WHITE,TRUE
2612,Audi,R8,2021,WHITE,TRUE
2613,Audi,R8,2021,WHITE,TRUE
2614,Audi,R8,2021,WHITE,FALSE
2615,Audi,R8,2021,WHITE,FALSE
2616,Audi,R8,2021,WHITE,FALSE
2617,Audi,R8,2021,WHITE,FALSE
2618,Audi,R8,2021,WHITE,FALSE
2619,Audi,R8,2021,WHITE,FALSE
2620,Audi,R8,2021,WHITE,FALSE
2621,Audi,R8,2021,WHITE,FALSE
2622,Audi,R8,2021,WHITE,FALSE
2623,Audi,R8,2021,WHITE,FALSE
2624,Kia,Picanto,2025,WHITE,FALSE
2625,Kia,Picanto,2025,WHITE,FALSE
2626,Kia,Picanto,2025,WHITE,FALSE
2627,Kia,Picanto,2025,WHITE,FALSE
2628,Kia,Picanto,2025,WHITE,FALSE
2629,Kia,Picanto,2025,WHITE,FALSE
2630,Kia,Picanto,2025,WHITE,FALSE
2631,Kia,Picanto,2025,WHITE,FALSE
2632,Kia,Picanto,2025,WHITE,FALSE
2633,Kia,Picanto,2025,WHITE,FALSE
2634,Kia,Picanto,2025,WHITE,FALSE
2635,Kia,Picanto,2025,WHITE,FALSE
2636,Kia,Picanto,2025,WHITE,FALSE
2637,Kia,Picanto,2025,WHITE,FALSE
2638,Kia,Picanto,2025,WHITE,FALSE
2639,Kia,Picanto,2025,WHITE,FALSE
2640,Kia,Picanto,2025,WHITE,FALSE
2641,Kia,Picanto,2025,WHITE,FALSE
2642,Kia,Picanto,2025,WHITE,FALSE
2643,Kia,Picanto,2025,WHITE,FALSE
2644,Kia,Picanto,2025,WHITE,FALSE
2645,Kia,Picanto,2025,WHITE,FALSE
2646,Kia,Picanto,2025,WHITE,FALSE
2647,Kia,Picanto,2025,WHITE,FALSE
2648,Kia,Picanto,2025,WHITE,FALSE
2649,Audi,Q7,2025,White,TRUE
2650,Audi,Q7,2025,White,TRUE
2651,Audi,Q7,2025,White,TRUE
2652,Audi,Q7,2025,White,TRUE
2653,Audi,Q7,2025,White,TRUE
2654,Audi,Q7,2025,White,TRUE
2655,Audi,Q7,2025,White,TRUE
2656,Audi,Q7,2025,White,TRUE
2657,Audi,Q7,2025,White,TRUE
2658,Audi,Q7,2025,White,TRUE
2659,Audi,Q7,2025,Panther Black Metallic,TRUE
2660,Audi,Q7,2025,Panther Black Metallic,TRUE
2661,Audi,Q7,2025,Panther Black Metallic,TRUE
2662,Audi,Q7,2025,Panther Black Metallic,TRUE
2663,Audi,Q7,2025,Panther Black Metallic,TRUE
2664,Audi,Q7,2025,Panther Black Metallic,TRUE
2665,Audi,Q7,2025,Panther Black Metallic,TRUE
2666,Audi,Q7,2025,Panther Black Metallic,TRUE
2667,Audi,Q7,2025,Panther Black Metallic,TRUE
2668,Audi,Q7,2025,Panther Black Metallic,TRUE
2669,Audi,Q7,2025,Panther Black Metallic,TRUE
2670,Audi,Q7,2025,Panther Black Metallic,TRUE
2671,Audi,Q7,2025,Panther Black Metallic,TRUE
2672,Audi,Q7,2025,Panther Black Metallic,TRUE
2673,Audi,Q7,2025,Panther Black Metallic,TRUE
2674,Audi,Q7,2025,Blue Panther Metallic,TRUE
2675,Audi,Q7,2025,Blue Panther Metallic,TRUE
2676,Audi,Q7,2025,Blue Panther Metallic,TRUE
2677,Audi,Q7,2025,Blue Panther Metallic,TRUE
2678,Audi,Q7,2025,Blue Panther Metallic,TRUE
2679,Audi,Q7,2025,Blue Panther Metallic,TRUE
2680,Audi,Q7,2025,Blue Panther Metallic,TRUE
2681,Audi,Q7,2025,Blue Panther Metallic,TRUE
2682,Audi,Q7,2025,Blue Panther Metallic,TRUE
2683,Audi,Q7,2025,Blue Panther Metallic,TRUE
2684,Audi,Q7,2025,Blue Panther Metallic,TRUE
2685,Audi,Q7,2025,Blue Panther Metallic,TRUE
2686,Audi,Q7,2025,Blue Panther Metallic,TRUE
2687,Audi,Q7,2025,Blue Panther Metallic,TRUE
2688,Audi,Q7,2025,Blue Panther Metallic,TRUE
2689,Audi,Q7,2025,Star White Tri-Coat,TRUE
2690,Audi,Q7,2025,Star White Tri-Coat,TRUE
2691,Audi,Q7,2025,Star White Tri-Coat,TRUE
2692,Audi,Q7,2025,Star White Tri-Coat,TRUE
2693,Audi,Q7,2025,Panther Black Metallic,TRUE
2694,Audi,Q7,2025,Panther Black Metallic,TRUE
2695,Audi,Q7,2025,Panther Black Metallic,TRUE
2696,Audi,Q7,2025,Panther Black Metallic,TRUE
2697,Audi,Q7,2025,Panther Black Metallic,TRUE
2698,Audi,Q7,2025,Blue Panther Metallic,TRUE
2699,Audi,Q7,2025,Crystal Pearl White Tri-Coat,TRUE
2700,Audi,Q7,2025,Crystal Pearl White Tri-Coat,TRUE
2701,Audi,Q7,2025,Crystal Pearl White Tri-Coat,TRUE
2702,Audi,Q7,2025,Crystal Pearl White Tri-Coat,TRUE
2703,Audi,Q7,2025,Crystal Pearl White Tri-Coat,TRUE
2704,Audi,Q7,2025,Blue Panther Metallic,TRUE
2705,Audi,Q7,2025,Blue Panther Metallic,TRUE
2706,Audi,Q7,2025,Blue Panther Metallic,TRUE
2707,Audi,Q7,2025,Blue Panther Metallic,TRUE
2708,Audi,Q7,2025,Blue Panther Metallic,TRUE
2709,Audi,Q7,2025,Crystal Pearl White Tri-Coat,TRUE
2710,Audi,Q7,2025,BLACK,TRUE
2711,Audi,Q7,2025,BLACK,TRUE
2712,Audi,Q7,2025,BLACK,TRUE
2713,Audi,Q7,2025,BLACK,TRUE
2714,Audi,Q7,2025,BLUE,TRUE
2715,Audi,Q7,2025,BLUE,TRUE
2716,Audi,Q7,2025,BLUE,TRUE
2717,Audi,Q7,2025,BLUE,TRUE
2718,Audi,Q7,2025,WHITE,TRUE
2719,Audi,Q7,2025,WHITE,TRUE
2720,Audi,Q7,2025,WHITE,TRUE
2721,Audi,Q7,2025,WHITE,TRUE
2722,Audi,Q7,2025,WHITE,TRUE
2723,Audi,Q7,2025,WHITE,TRUE
2724,Audi,Q7,2025,WHITE,TRUE
2725,Audi,Q7,2025,WHITE,TRUE
2726,Audi,Q7,2025,WHITE,TRUE
2727,Audi,Q7,2025,WHITE,TRUE
2728,Audi,Q7,2025,WHITE,TRUE
2729,Audi,Q7,2025,WHITE,TRUE
2730,Audi,Q7,2025,WHITE,TRUE
2731,Audi,Q7,2025,WHITE,TRUE
2732,Audi,Q7,2025,WHITE,TRUE
2733,Audi,Q7,2025,WHITE,TRUE
2734,Audi,Q7,2025,WHITE,TRUE
2735,Audi,Q7,2025,WHITE,TRUE
2736,Audi,Q7,2025,WHITE,TRUE
2737,Audi,Q7,2025,WHITE,TRUE
2738,Audi,Q7,2025,WHITE,TRUE
2739,Audi,Q7,2025,WHITE,TRUE
2740,Audi,Q7,2025,WHITE,TRUE
2741,Audi,Q7,2025,WHITE,TRUE
2742,Audi,Q7,2025,WHITE,TRUE
2743,Audi,Q7,2025,WHITE,TRUE
2744,Audi,Q7,2025,WHITE,TRUE
2745,Audi,Q7,2025,WHITE,TRUE
2746,Audi,Q7,2025,WHITE,TRUE
2747,Audi,Q7,2025,WHITE,TRUE
2748,Audi,Q7,2025,WHITE,TRUE
2749,Audi,Q7,2025,WHITE,TRUE
2750,Audi,Q7,2025,WHITE,TRUE
2751,Audi,Q7,2025,WHITE,TRUE
2752,Audi,Q7,2025,WHITE,TRUE
2753,Audi,Q7,2025,WHITE,TRUE
2754,Audi,Q7,2025,WHITE,TRUE
2755,Audi,Q7,2025,WHITE,TRUE
2756,Audi,Q7,2025,WHITE,TRUE
2757,Audi,Q7,2025,WHITE,TRUE
2758,Audi,Q7,2025,WHITE,TRUE
2759,Audi,Q7,2025,WHITE,TRUE
2760,Audi,Q7,2025,WHITE,TRUE
2761,Audi,Q7,2025,WHITE,TRUE
2762,Audi,Q7,2025,WHITE,TRUE
2763,Audi,Q7,2025,WHITE,TRUE
2764,Audi,Q7,2025,WHITE,TRUE
2765,Audi,Q7,2025,WHITE,TRUE
2766,Audi,Q7,2025,WHITE,TRUE
2767,Audi,Q7,2025,BLACK,TRUE
2768,Audi,Q7,2025,BLACK,TRUE
2769,Audi,Q7,2025,BLACK,TRUE
2770,Audi,Q7,2025,BLACK,TRUE
2771,Audi,Q7,2025,BLACK,TRUE
2772,Audi,Q7,2025,BLACK,TRUE
2773,Audi,Q7,2025,BLACK,TRUE
2774,Audi,Q7,2025,BLACK,TRUE